id,ts,market_id,market_title,mode,side,contracts,entry_price_cents,trade_amount_dollars,confidence_score,model_prob,implied_prob,btc_price_at_entry,strike,seconds_left_at_entry,fill_confirmed,exit_price_cents,exit_reason,outcome,pnl_dollars,profit_percent,order_id,asset,raw_p_yes,entry_signals,calibrated_p_yes,signal_name,strategy_variant,strategy_version,brain
2928,2026-06-27T19:09:00Z,KXSOL15M-26JUN271515-15,KXSOL15M-26JUN271515-15,paper,no,70,34,23.8,51,0.5196245030010916,0.34,71.765,71.8078,360,1,0,expiry,loss,-24.9,-100.0,paper_1782587340015,SOL,0.48037549699890836,"{""win_prob"": 0.5196245030010916, ""ev"": 0.14037549699890833, ""abs_pct"": 0.0005960355281738157}",,,strategy1,,s1
2927,2026-06-27T11:41:16Z,KXSOL15M-26JUN270745-45,KXSOL15M-26JUN270745-45,paper,no,72,33,23.76,50,0.5,0.33,71.5,71.5093,223,1,0,expiry,loss,-24.88,-100.0,paper_1782560476591,SOL,0.5,"{""win_prob"": 0.5, ""ev"": 0.16999999999999998, ""abs_pct"": 0.00013005301408342817}",,,strategy1,,s1
2926,2026-06-27T11:33:11Z,KXETH15M-26JUN270745-45,KXETH15M-26JUN270745-45,paper,no,66,36,23.76,50,0.5,0.36,1578.195,1578.27,708,1,0,expiry,loss,-24.83,-100.0,paper_1782559991642,ETH,0.5,"{""win_prob"": 0.5, ""ev"": 0.14, ""abs_pct"": 4.752038624572822e-05}",,,strategy1,,s1
2925,2026-06-26T22:25:20Z,KXSOL15M-26JUN261830-30,KXSOL15M-26JUN261830-30,paper,no,72,33,23.76,50,0.5,0.33,71.65,71.6575,280,1,100,expiry,win,47.12,203.03,paper_1782512720316,SOL,0.5,"{""win_prob"": 0.5, ""ev"": 0.16999999999999998, ""abs_pct"": 0.0001744409168614987}",,,strategy1,,s1
2924,2026-06-26T20:50:07Z,KXSOL15M-26JUN261700-00,KXSOL15M-26JUN261700-00,paper,no,66,36,23.76,50,0.5,0.36,72.14,72.1488,593,1,100,expiry,win,41.17,177.78,paper_1782507007080,SOL,0.5,"{""win_prob"": 0.5, ""ev"": 0.14, ""abs_pct"": 0.0001219701505776077}",,,strategy1,,s1
2923,2026-06-26T20:18:22Z,KXSOL15M-26JUN261630-30,KXSOL15M-26JUN261630-30,paper,no,64,37,23.68,50,0.5,0.37,72.705,72.72,697,1,0,expiry,loss,-24.73,-100.0,paper_1782505102427,SOL,0.5,"{""win_prob"": 0.5, ""ev"": 0.13, ""abs_pct"": 0.00020627062706271408}",,,strategy1,,s1
2922,2026-06-26T19:37:25Z,KXETH15M-26JUN261545-45,KXETH15M-26JUN261545-45,paper,yes,47,51,23.97,58,0.5837953383683568,0.51,1578.79,1576.16,455,1,100,expiry,win,22.2,96.08,paper_1782502645051,ETH,0.5837953383683568,"{""win_prob"": 0.5837953383683568, ""ev"": 0.07379533836835683, ""abs_pct"": 0.0016686123236218922}",,,strategy1,,s1
2921,2026-06-26T19:07:07Z,KXETH15M-26JUN261515-15,KXETH15M-26JUN261515-15,paper,no,98,24,23.52,50,0.5,0.24,1569.955,1570.58,472,1,0,expiry,loss,-24.78,-100.0,paper_1782500827987,ETH,0.5,"{""win_prob"": 0.5, ""ev"": 0.26, ""abs_pct"": 0.00039794216149447977}",,,strategy1,,s1
2920,2026-06-26T14:57:13Z,KXETH15M-26JUN261100-00,KXETH15M-26JUN261100-00,paper,no,76,31,23.56,50,0.5,0.31,1554.97,1555.73,167,1,0,expiry,loss,-24.7,-100.0,paper_1782485833143,ETH,0.5,"{""win_prob"": 0.5, ""ev"": 0.19, ""abs_pct"": 0.0004885166449190996}",,,strategy1,,s1
2919,2026-06-26T14:24:07Z,KXETH15M-26JUN261030-30,KXETH15M-26JUN261030-30,paper,yes,53,45,23.85,55,0.5541217901842422,0.45,1566.145,1564.66,353,1,100,expiry,win,28.23,122.22,paper_1782483847224,ETH,0.5541217901842422,"{""win_prob"": 0.5541217901842422, ""ev"": 0.10412179018424222, ""abs_pct"": 0.0009490879807753121}",,,strategy1,,s1
2918,2026-06-26T11:49:53Z,KXETH15M-26JUN260800-00,KXETH15M-26JUN260800-00,paper,no,70,34,23.8,50,0.5,0.34,1544.485,1544.73,607,1,100,expiry,win,45.1,194.12,paper_1782474593261,ETH,0.5,"{""win_prob"": 0.5, ""ev"": 0.15999999999999998, ""abs_pct"": 0.0001586037689435165}",,,strategy1,,s1
2917,2026-06-26T01:58:17Z,KXETH15M-26JUN252200-00,KXETH15M-26JUN252200-00,paper,no,112,21,23.52,50,0.5,0.21,1556.5,1556.57,102,1,0,expiry,loss,-24.83,-100.0,paper_1782439097340,ETH,0.5,"{""win_prob"": 0.5, ""ev"": 0.29000000000000004, ""abs_pct"": 4.497067269697883e-05}",,,strategy1,,s1
2916,2026-06-26T00:39:27Z,KXSOL15M-26JUN252045-45,KXSOL15M-26JUN252045-45,paper,yes,55,43,23.65,51,0.5188631802388504,0.43,67.81,67.7727,332,1,100,expiry,win,30.4,132.56,paper_1782434367778,SOL,0.5188631802388504,"{""win_prob"": 0.5188631802388504, ""ev"": 0.08886318023885037, ""abs_pct"": 0.0005503691014228722}",,,strategy1,,s1
2915,2026-06-25T22:54:38Z,KXETH15M-26JUN251900-00,KXETH15M-26JUN251900-00,paper,no,70,34,23.8,50,0.5,0.34,1568.475,1568.5,321,1,0,expiry,loss,-24.9,-100.0,paper_1782428078740,ETH,0.5,"{""win_prob"": 0.5, ""ev"": 0.15999999999999998, ""abs_pct"": 1.5938795027153935e-05}",,,strategy1,,s1
2914,2026-06-25T21:24:36Z,KXETH15M-26JUN251730-30,KXETH15M-26JUN251730-30,paper,no,79,30,23.7,50,0.5,0.3,1561.255,1561.59,323,1,0,expiry,loss,-24.87,-100.0,paper_1782422676641,ETH,0.5,"{""win_prob"": 0.5, ""ev"": 0.2, ""abs_pct"": 0.00021452493932454039}",,,strategy1,,s1
2913,2026-06-25T19:40:11Z,KXETH15M-26JUN251545-45,KXETH15M-26JUN251545-45,paper,no,103,23,23.69,53,0.5340419344697486,0.23,1555.63,1556.47,288,1,0,expiry,loss,-24.97,-100.0,paper_1782416411928,ETH,0.46595806553025143,"{""win_prob"": 0.5340419344697486, ""ev"": 0.23595806553025142, ""abs_pct"": 0.0005396827436442193}",,,strategy1,,s1
2912,2026-06-25T19:22:57Z,KXSOL15M-26JUN251530-30,KXSOL15M-26JUN251530-30,paper,no,68,35,23.8,50,0.5,0.35,65.745,65.7567,423,1,0,expiry,loss,-24.89,-100.0,paper_1782415377208,SOL,0.5,"{""win_prob"": 0.5, ""ev"": 0.15000000000000002, ""abs_pct"": 0.00017792863692962842}",,,strategy1,,s1
2911,2026-06-25T18:03:14.961626+00:00,KXETH15M-26JUN251415-15,ETH price up in next 15 mins?,paper,no,43,56,24.08,61,0.6199999991103626,0.56,1567.97,1571.88,705,1,100,expiry,win,18.17,78.57,paper_1782410594961,ETH,0.38000000088963737,"{""win_prob"": 0.6199999991103626, ""ev"": 0.04275199911036258, ""vel_delta"": 2.5, ""obi"": null, ""abs_pct"": 0.002487467236684786, ""mins_left"": 11.754841699999998, ""strike"": 1571.88}",,,strategy2,,s2
2910,2026-06-25T17:20:29.165883+00:00,KXETH15M-26JUN251330-30,ETH price up in next 15 mins?,paper,no,42,57,23.94,62,0.62,0.57,1562.915,1566.25,571,1,0,expiry,loss,-24.67,-100.0,paper_1782408029165,ETH,0.38,"{""win_prob"": 0.62, ""ev"": 0.03284300000000004, ""vel_delta"": 21.0, ""obi"": null, ""abs_pct"": 0.0021292897047087223, ""mins_left"": 9.517976650000001, ""strike"": 1566.25}",,,strategy2,,s2
2909,2026-06-25T16:51:16.719926+00:00,KXETH15M-26JUN251300-00,ETH price up in next 15 mins?,paper,no,44,55,24.2,61,0.6199999999995941,0.55,1559.02,1561.58,523,1,100,expiry,win,19.03,81.82,paper_1782406276719,ETH,0.3800000000004059,"{""win_prob"": 0.6199999999995941, ""ev"": 0.052674999999594053, ""vel_delta"": 3.5, ""obi"": null, ""abs_pct"": 0.001639365258264031, ""mins_left"": 8.7254351, ""strike"": 1561.58}",,,strategy2,,s2
2908,2026-06-25T14:22:52.130635+00:00,KXETH15M-26JUN251030-30,ETH price up in next 15 mins?,paper,no,46,52,23.92,62,0.62,0.52,1563.55,1566.04,428,1,100,expiry,win,21.27,92.31,paper_1782397372130,ETH,0.38,"{""win_prob"": 0.62, ""ev"": 0.08252799999999998, ""vel_delta"": 5.333333333333336, ""obi"": null, ""abs_pct"": 0.0015899977012081487, ""mins_left"": 7.135977133333333, ""strike"": 1566.04}",,,strategy2,,s2
